f0,f1,f2,f3,f4,f5,f6,f7,f8,f9,f10,f11,f12,f13,f14,f15,f16,f17,f18,f19,f20,f21,f22,f23,f24,f25,f26,f27,f28,f29,f30,f31,f32,f33,f34,f35,f36,f37,f38,f39,f40,f41,f42,f43,f44,f45,f46,f47,f48,f49,f50,f51,f52,f53,f54,f55,f56,f57,f58,f59,f60,f61,f62,timestamp,label
0.0,0.0,0.0,0.3022428,-0.28118268,-0.05069387,0.7634663,-0.379196,-0.057030603,1.0956968,-0.3242566,-0.10138774,1.1969149,-0.18061307,-0.11406121,1.0524702,-6.3505964e-17,0.11406121,1.3718433,0.025981773,-0.057030603,1.082229,-0.09225232,-0.15841834,0.8840658,-0.10133255,-0.19010201,0.9781495,0.19801062,0.06336734,1.3085868,0.23017307,-0.12673467,0.95567775,0.069322795,-0.16475508,0.7796429,0.07260389,-0.12039794,0.8810518,0.3978144,-0.019010201,1.2391496,0.44542852,-0.20911221,0.9016922,0.25691783,-0.12673467,0.6986455,0.2305927,-0.0063367337,0.73286813,0.59811413,-0.12039794,1.030113,0.6117345,-0.20911221,0.82248795,0.43768358,-0.13307141,0.6514892,0.39296904,-0.03168367,2025-10-14T17:26:51.975,fist
0.0,0.0,0.0,0.20088932,-0.20425148,-0.2617199,0.57324904,-0.36040533,-0.43284446,0.85632455,-0.42578074,-0.5737706,0.9822189,-0.444833,-0.6744321,1.0849518,-1.5726879e-16,-0.32211682,1.2400782,-0.2939092,-0.64423364,0.8824747,-0.5295409,-0.80529207,0.6661755,-0.5547571,-0.8858212,0.90274113,0.2851302,-0.32211682,0.8677185,-0.13775533,-0.6140352,0.50114924,-0.36881074,-0.6542998,0.35293385,-0.32706386,-0.62410134,0.5845496,0.45884204,-0.37244758,0.4322249,0.0054168208,-0.6140352,0.10189226,-0.19892806,-0.5033075,-0.032594316,-0.13028386,-0.38251373,0.21181636,0.56998026,-0.4429106,0.05491535,0.10758925,-0.6140352,-0.10394691,-0.04865799,-0.5536383,-0.16633373,0.028391609,-0.4630429,2025-10-14T17:26:53.146,fist
0.0,0.0,0.0,0.23451316,-0.3563814,-0.09044313,0.7532847,-0.48898488,-0.10853175,1.0971164,-0.4139891,-0.12662038,1.2011428,-0.29756406,-0.11757607,1.0819962,-4.1566263e-17,0.0,1.3685226,-0.027669804,-0.2170635,0.9942995,-0.1956544,-0.289418,0.8048443,-0.21818343,-0.289418,0.95574313,0.29196963,-0.03617725,1.2448399,0.23179153,-0.25324076,0.77263844,-0.0018144163,-0.2170635,0.62173957,0.029030649,-0.11757607,0.7543431,0.54780215,-0.12662038,1.0774602,0.5028954,-0.37081683,0.6149355,0.2423756,-0.2080192,0.41172102,0.26656783,-0.018088626,0.4950329,0.8040883,-0.23515214,0.7739993,0.71291393,-0.3617725,0.47552797,0.47794718,-0.22610782,0.3144986,0.47779596,-0.0723545,2025-10-14T17:26:53.786,fist
0.0,0.0,0.0,0.21690154,-0.3510113,-0.22546616,0.6765482,-0.5089341,-0.3484477,1.0098382,-0.5025655,-0.45093232,1.1459786,-0.4202352,-0.5226716,1.1379485,2.8357715e-16,-0.15372694,1.371187,-0.06802407,-0.47142926,0.9769799,-0.3002471,-0.60465926,0.77493846,-0.34759626,-0.6456531,0.94402933,0.28621775,-0.16397539,1.1701608,0.21080983,-0.47142926,0.6619651,-0.12506452,-0.45093232,0.52388644,-0.10595871,-0.3484477,0.68587035,0.5204714,-0.23571463,0.91855496,0.48142916,-0.56366545,0.45410874,0.13189459,-0.39969003,0.2873253,0.13595572,-0.18447232,0.3771318,0.7465105,-0.32795078,0.5745583,0.6560579,-0.5226716,0.26812723,0.3820236,-0.3791931,0.12321853,0.37925464,-0.21521771,2025-10-14T17:26:54.218,fist
0.0,0.0,0.0,0.23820521,-0.3848598,-0.14727841,0.76425254,-0.516415,-0.19637121,1.1125789,-0.42356268,-0.24546401,1.2459564,-0.30719358,-0.25528258,1.1109301,-4.8609335e-17,-0.03927424,1.3671851,-0.051806346,-0.29455683,0.9970776,-0.22076288,-0.3731053,0.823088,-0.25330457,-0.3731053,0.9548167,0.28662726,-0.07854848,1.2108982,0.22093643,-0.3240125,0.73535556,-0.05085181,-0.2749197,0.624627,-0.02169445,-0.16691554,0.7287604,0.5324689,-0.16691554,0.9988999,0.480489,-0.43201667,0.5370681,0.19464274,-0.25528258,0.3848598,0.23820521,-0.058911365,0.4471663,0.7790048,-0.2749197,0.6677556,0.6512678,-0.42219812,0.35934708,0.41905025,-0.2749197,0.21399419,0.45558375,-0.11782273,2025-10-14T17:26:54.739,fist
0.0,0.0,0.0,0.21489556,-0.24478705,-0.2999694,0.4259537,-0.5212833,-0.58565456,0.5336034,-0.6951791,-0.8570554,0.5538004,-0.7941441,-1.0998878,1.0102515,1.1008703e-16,-0.5428018,1.0155027,-0.32880634,-0.91419244,0.6087361,-0.6592285,-1.1570249,0.33971268,-0.75536597,-1.2855831,0.74344975,0.3475895,-0.5713703,0.74082416,0.006866949,-0.8999082,0.3106291,-0.41080597,-0.9570452,0.10502414,-0.5146183,-0.97132945,0.34637773,0.5758151,-0.61422306,0.3788948,0.36596873,-0.97132945,-0.015551656,-0.07533463,-0.8570554,-0.23287085,-0.22277236,-0.7284971,-0.10583198,0.72062725,-0.6999286,-0.18823557,0.51825374,-0.94276094,-0.3928307,0.15693033,-0.8427712,-0.5111848,0.029689535,-0.7284971,2025-10-14T17:26:55.124,fist
0.0,0.0,0.0,0.28320998,-0.34277394,-0.3136538,0.62289333,-0.55714816,-0.56457686,0.83445793,-0.669814,-0.7778615,0.9038556,-0.70156276,-0.9660537,1.1204774,-1.2004698e-16,-0.41402304,1.1187917,-0.2714095,-0.7778615,0.7341544,-0.57175815,-0.991146,0.5318616,-0.6470561,-1.1040614,0.8440106,0.30793464,-0.43911535,0.684986,-0.08428867,-0.7778615,0.3107443,-0.39166138,-0.8154999,0.20987882,-0.3840754,-0.8029538,0.4450442,0.5017986,-0.5018461,0.28236708,0.08176003,-0.7904076,-0.014890994,-0.15649597,-0.6649461,-0.108451426,-0.093279466,-0.5269384,0.03174873,0.6296364,-0.6022153,-0.16576773,0.20285474,-0.7904076,-0.3304116,0.026410442,-0.7025845,-0.35766494,0.12053279,-0.58966917,2025-10-14T17:26:55.393,fist
0.0,0.0,0.0,0.2663742,-0.35557014,-0.1791333,0.7184216,-0.5024097,-0.2786518,1.02727,-0.47631833,-0.37817028,1.1158593,-0.39379698,-0.43788138,1.1425573,9.5193884e-17,-0.1194222,1.294251,-0.12924303,-0.40802583,0.90530825,-0.35739046,-0.52744806,0.7196351,-0.40289858,-0.5573036,0.9526367,0.2590929,-0.15922959,1.0339446,0.07099268,-0.42792952,0.59039205,-0.22814739,-0.39807397,0.49330807,-0.19113412,-0.30850735,0.68444216,0.4653964,-0.25874808,0.7056793,0.24817097,-0.49759248,0.32401785,-0.035799727,-0.3383629,0.23542869,0.044901352,-0.16918145,0.364065,0.636507,-0.36821842,0.3567837,0.36588532,-0.49759248,0.1092195,0.14198534,-0.37817028,0.03458617,0.22450674,-0.24879624,2025-10-14T17:26:55.656,fist
0.0,0.0,0.0,0.2230357,-0.28262097,-0.2505853,0.60153216,-0.46994403,-0.42808318,0.8977259,-0.574483,-0.5742579,1.0430793,-0.5484926,-0.6682274,1.1325053,5.526935e-17,-0.26102632,1.1964223,-0.27357247,-0.56381685,0.8325575,-0.5036352,-0.70999163,0.66747063,-0.5031539,-0.7726379,0.9266041,0.27068463,-0.26102632,0.88126534,-0.104924016,-0.5324937,0.49949595,-0.36068827,-0.5429348,0.4231614,-0.26933706,-0.49072948,0.608848,0.45386845,-0.3132316,0.5147052,0.0995334,-0.55337584,0.20561254,-0.14323571,-0.41764212,0.13524607,-0.043317255,-0.28190842,0.24931481,0.577082,-0.39676002,0.15257297,0.23728225,-0.5429348,-0.01376526,0.03503884,-0.44896528,-0.05843015,0.11705283,-0.35499582,2025-10-14T17:26:55.913,fist
0.0,0.0,0.0,0.21577029,-0.2813519,-0.29978,0.49667457,-0.5472597,-0.55222636,0.6867046,-0.7200549,-0.7731169,0.718712,-0.7583296,-0.9782296,1.1122018,-1.2885992e-16,-0.4260032,1.0188655,-0.33171326,-0.7415611,0.6144081,-0.65693545,-0.94667375,0.34044254,-0.7104303,-1.057119,0.81898695,0.36618277,-0.4417811,0.7276651,-0.022382805,-0.71000534,0.32522222,-0.40445736,-0.7731169,0.104975365,-0.49107882,-0.78889483,0.40266672,0.6229136,-0.4891148,0.37558356,0.39863783,-0.8204506,-0.016563278,-0.02685937,-0.7257832,-0.25650698,-0.17548123,-0.61533797,-0.09333632,0.7804886,-0.55222636,-0.21756092,0.57904327,-0.78889483,-0.41632026,0.25673082,-0.71000534,-0.5477073,0.1338492,-0.59956,2025-10-14T17:26:56.115,fist
0.0,0.0,0.0,0.21563862,-0.3079164,-0.26956972,0.4249635,-0.55900913,-0.50742537,0.52209806,-0.71636707,-0.72942394,0.569694,-0.8659542,-0.93556553,1.035454,1.7697374e-16,-0.45985425,0.9747449,-0.28994656,-0.7769951,0.60174835,-0.59689164,-0.9989937,0.35162693,-0.7353083,-1.1258501,0.75764924,0.42933455,-0.49156833,0.6255463,0.10490527,-0.72942394,0.26517722,-0.31568718,-0.82456625,0.042739183,-0.50412816,-0.87213737,0.32880035,0.70471096,-0.5549965,0.19815442,0.48664394,-0.87213737,-0.17678481,0.037882462,-0.82456625,-0.40747932,-0.23555122,-0.761138,-0.15832928,0.8674112,-0.6342817,-0.3380281,0.69256914,-0.8879944,-0.5556094,0.34094214,-0.82456625,-0.69354045,0.10879065,-0.72942394,2025-10-14T17:26:56.394,fist
0.0,0.0,0.0,0.3388742,-0.28962475,-0.044441983,0.7993188,-0.39066193,-0.05713969,1.127699,-0.36467338,-0.095232815,1.1497856,-0.2684096,-0.107930526,1.0639778,-1.3929718e-16,0.10158167,1.3332587,-0.07099504,-0.05713969,1.0063181,-0.17100932,-0.13332595,0.87504935,-0.14089139,-0.17141907,0.9796097,0.19438381,0.050790835,1.219985,0.097779125,-0.12062824,0.84262043,-0.041331697,-0.12062824,0.7368856,0.019775534,-0.0698374,0.85822874,0.38804787,-0.03174427,1.1181144,0.2961787,-0.21586105,0.7522288,0.12679842,-0.11427938,0.61622447,0.17642672,0.0063488544,0.6944554,0.57762045,-0.13332595,0.9361944,0.46688488,-0.21586105,0.70085776,0.30439955,-0.12697709,0.5675812,0.32576627,-0.03174427,2025-10-14T17:26:56.596,fist
0.0,0.0,0.0,0.2132292,-0.35527536,-0.13063021,0.72198796,-0.49740148,-0.1586224,1.0672657,-0.4357362,-0.19594531,1.1938756,-0.31024608,-0.19594531,1.0885407,4.258533e-17,0.009330729,1.3683939,-0.05062794,-0.21460678,0.99992174,-0.2026717,-0.2892526,0.82508343,-0.22330679,-0.29858333,0.95993125,0.27961338,-0.018661458,1.2325064,0.22314684,-0.24259897,0.76797706,-0.01791572,-0.21460678,0.6455262,0.015436318,-0.11196875,0.75557995,0.53435266,-0.11196875,1.0631067,0.4939623,-0.36389843,0.6088149,0.22522631,-0.2239375,0.4528521,0.25561908,-0.037322916,0.5045998,0.7875724,-0.21460678,0.759739,0.6931948,-0.36389843,0.45549145,0.46109012,-0.23326823,0.3039276,0.47108778,-0.08397656,2025-10-14T17:26:56.772,fist
0.0,0.0,0.0,0.2164512,-0.32776898,-0.042694516,0.7746533,-0.49125013,-0.017077805,1.153779,-0.44553992,-0.008538903,1.220731,-0.29899845,0.02561671,1.0846759,1.3067643e-16,0.10246684,1.3875732,-0.05579337,-0.093927935,1.0127497,-0.20099042,-0.15370026,0.85894835,-0.16953106,-0.16223916,0.9650228,0.2586659,0.042694516,1.2820364,0.18149635,-0.14516135,0.8311189,-0.034417078,-0.10246684,0.72732985,0.060767666,0.0,0.8121626,0.5056354,-0.05123342,1.1410071,0.42604586,-0.2732449,0.68524957,0.1864707,-0.12808354,0.55537885,0.2746645,0.042694516,0.60727334,0.7694101,-0.16223916,0.8980708,0.6544624,-0.2817838,0.5939636,0.4331713,-0.17077807,0.44258225,0.47646156,-0.03415561,2025-10-14T17:26:57.040,fist
0.0,0.0,0.0,0.21474867,-0.33983877,-0.074610114,0.73726374,-0.5000405,-0.06528385,1.1052557,-0.4497325,-0.08393638,1.1979536,-0.32384259,-0.06528385,1.0875,1.7143691e-16,0.055957586,1.3798301,-0.05150766,-0.15854649,0.9938424,-0.21914764,-0.2331566,0.81284565,-0.22474626,-0.2331566,0.958011,0.28673145,0.0,1.2573793,0.19411357,-0.21450408,0.7811732,-0.039750505,-0.17719902,0.6437661,0.021354888,-0.074610114,0.77037585,0.54235035,-0.09326264,1.0978175,0.45877033,-0.3450718,0.61761236,0.19883248,-0.19585155,0.4596501,0.2564187,0.0,0.5195558,0.82100374,-0.21450408,0.8054074,0.6837565,-0.3450718,0.4951616,0.44445372,-0.21450408,0.33320034,0.4759662,-0.06528385,2025-10-14T17:26:57.252,fist
0.0,0.0,0.0,0.21419612,-0.36560613,-0.12644024,0.7554999,-0.4857523,-0.15561876,1.1218811,-0.4097889,-0.18479727,1.2143809,-0.30798763,-0.19452345,1.0983686,-2.1279559e-17,-0.009726172,1.3709584,-0.03953196,-0.24315432,0.9893328,-0.20386095,-0.32096368,0.801233,-0.22065559,-0.32096368,0.95367646,0.29687738,-0.048630863,1.2311754,0.2361583,-0.282059,0.744648,-0.014985957,-0.23342814,0.6252769,0.037723336,-0.12644024,0.74283934,0.55163896,-0.14589259,1.0415252,0.49582908,-0.39877307,0.56740004,0.22969887,-0.23342814,0.42684194,0.27749893,-0.029178517,0.4922118,0.8239703,-0.25288048,0.74335605,0.7035657,-0.3890469,0.43123436,0.47050798,-0.24315432,0.28189135,0.49841288,-0.08753555,2025-10-14T17:26:57.479,fist
0.0,0.0,0.0,0.24086219,-0.255077,-0.2581501,0.5875458,-0.45171532,-0.4377328,0.8457816,-0.5614853,-0.60609156,0.95792073,-0.56622356,-0.74077857,1.116653,-5.647854e-17,-0.28059793,1.1506104,-0.25981528,-0.60609156,0.7589133,-0.49041122,-0.7744503,0.5764898,-0.50067747,-0.84179384,0.9026409,0.30561855,-0.30304578,0.869473,-0.0007897257,-0.59486765,0.4509256,-0.28192723,-0.60609156,0.3514219,-0.24402104,-0.54997194,0.58596635,0.52120996,-0.35916537,0.5022569,0.2416519,-0.6285394,0.17689551,-0.014214825,-0.49385238,0.090027176,0.056859266,-0.34794146,0.21085313,0.68310094,-0.4489567,0.08844776,0.3916972,-0.60609156,-0.090816885,0.19032061,-0.5163002,-0.121615656,0.25902557,-0.40406102,2025-10-14T17:26:57.723,fist
0.0,0.0,0.0,0.19508399,-0.25071034,-0.26545322,0.44324806,-0.4982868,-0.5014117,0.5588099,-0.6512593,-0.70787525,0.5619437,-0.7043393,-0.8995915,1.1103725,-2.5527715e-16,-0.36868504,1.0441694,-0.40544567,-0.64888567,0.68083525,-0.70551455,-0.84060186,0.4132803,-0.7540897,-0.9438337,0.8612292,0.33356228,-0.38343245,0.7928714,-0.1047891,-0.60464346,0.4550001,-0.41974396,-0.66363305,0.2511021,-0.5055339,-0.6783805,0.46655628,0.56429416,-0.41292724,0.41425967,0.27029708,-0.6783805,0.08696515,-0.085006475,-0.60464346,-0.1318188,-0.19625919,-0.5014117,-0.00568016,0.72079223,-0.45716944,-0.14709646,0.47889593,-0.66363305,-0.31084165,0.19880547,-0.5898961,-0.41073403,0.086377546,-0.47191685,2025-10-14T17:26:57.938,fist
0.0,0.0,0.0,0.1900785,-0.2563729,-0.31397453,0.40812495,-0.5303553,-0.6114241,0.48633164,-0.71629035,-0.87582374,0.463025,-0.87736505,-1.1236984,1.0544955,1.0849371e-16,-0.4792243,1.1130209,-0.3102371,-0.87582374,0.62824315,-0.7080036,-1.1071733,0.34752774,-0.8437,-1.2228482,0.7597961,0.4003561,-0.51227427,0.8271263,0.10410297,-0.82624876,0.32266733,-0.41796553,-0.87582374,0.0927086,-0.5660921,-0.87582374,0.33509752,0.68728656,-0.57837415,0.43091363,0.5293194,-0.97497356,-0.04920288,-0.047131184,-0.8592987,-0.31800598,-0.28796634,-0.710574,-0.14242941,0.89031315,-0.660999,-0.21493892,0.6821073,-0.9419236,-0.48788545,0.24860404,-0.82624876,-0.6339403,0.047649108,-0.694049,2025-10-14T17:26:58.246,fist
0.0,0.0,0.0,0.21199489,-0.34573662,-0.14913012,0.71975106,-0.49868593,-0.20878218,1.0736687,-0.44177458,-0.27837625,1.1965617,-0.3549847,-0.30820227,1.1115503,-2.4172944e-16,-0.039768033,1.3623161,-0.06580379,-0.30820227,0.9963048,-0.2559233,-0.40762234,0.7907125,-0.29736194,-0.41756436,0.95362127,0.28740245,-0.089478076,1.1965617,0.20079044,-0.3479703,0.7211739,-0.09070252,-0.30820227,0.5884992,-0.06455884,-0.18889816,0.72384155,0.53532267,-0.18889816,0.9954155,0.46169356,-0.4772164,0.5408359,0.16237527,-0.30820227,0.36547774,0.17606957,-0.109362096,0.43057013,0.7786188,-0.29826024,0.6719099,0.6498568,-0.4772164,0.3594309,0.38735306,-0.33802828,0.19758917,0.38646382,-0.17895615,2025-10-14T17:26:58.353,fist
0.0,0.0,0.0,0.19096643,-0.33237827,-0.15103751,0.6937641,-0.4786247,-0.20767659,1.0394375,-0.43632203,-0.26431566,1.1603024,-0.36017716,-0.2926352,1.1059132,-3.743674e-18,-0.028319534,1.3186353,-0.093065895,-0.2737555,0.95483214,-0.261068,-0.33983442,0.7711176,-0.2912842,-0.33983442,0.95724946,0.28161508,-0.066078916,1.1796408,0.14745517,-0.30207503,0.70705926,-0.11119562,-0.2548758,0.5837771,-0.06647563,-0.14159767,0.75177926,0.52817935,-0.16047736,0.98021376,0.3867675,-0.424793,0.5330139,0.1124043,-0.2737555,0.38435015,0.1728367,-0.07551876,0.47137278,0.76144844,-0.26431566,0.65508735,0.570482,-0.43423286,0.35896853,0.33600423,-0.31151488,0.2078875,0.36984637,-0.16047736,2025-10-14T17:26:58.616,fist
0.0,0.0,0.0,0.3029257,-0.27538702,0.01101548,0.6168669,-0.3580031,0.0,0.81514555,-0.38003406,-0.03855418,0.9583468,-0.39104956,-0.06058514,1.0244397,-6.272884e-17,0.1101548,1.0244397,-0.42960373,-0.0275387,0.8096378,-0.45714244,-0.12667802,0.7160062,-0.3580031,-0.17624769,0.9913932,0.12667802,0.03304644,0.9473313,-0.3580031,-0.09363158,0.70499074,-0.36901858,-0.12667802,0.62788236,-0.25886378,-0.12117028,0.8757307,0.20929413,-0.06609288,0.84268427,-0.25886378,-0.18726316,0.6058514,-0.26987928,-0.13769351,0.55077404,-0.15972446,-0.082616106,0.7104985,0.25335604,-0.18175542,0.699483,-0.12117028,-0.25335604,0.53975856,-0.14320125,-0.2203096,0.49018887,-0.0550774,-0.17073995,2025-10-14T17:26:58.873,fist
0.0,0.0,0.0,0.3118289,-0.34158263,0.0,0.615896,-0.44513544,-0.039692722,0.81628704,-0.5010084,-0.09639661,0.9590803,-0.53039247,-0.12474855,1.0439061,1.5364125e-17,0.0510335,1.0543168,-0.49324653,-0.09639661,0.815363,-0.4726715,-0.20980439,0.77088636,-0.32661337,-0.27784905,0.99542534,0.094866954,-0.011340777,0.96289957,-0.47353393,-0.1474301,0.7350957,-0.4469219,-0.17578205,0.7076212,-0.30030933,-0.18145244,0.87530166,0.12499029,-0.102067,0.8303323,-0.40977597,-0.20980439,0.61404794,-0.3884617,-0.15310049,0.58712786,-0.25885126,-0.102067,0.71698475,0.108480975,-0.204134,0.65131706,-0.31349218,-0.27217865,0.5035957,-0.30696234,-0.24382672,0.47723007,-0.19435406,-0.204134,2025-10-14T17:26:59.068,fist
0.0,0.0,0.0,0.30111256,-0.35595113,-0.023661597,0.623914,-0.46096405,-0.06506939,0.8521972,-0.49631268,-0.11239259,1.0078509,-0.5136704,-0.13605419,1.0502957,1.6622333e-17,0.023661597,1.0977049,-0.52436495,-0.13013878,0.864924,-0.5071738,-0.23661597,0.81151795,-0.35711724,-0.30168536,0.9961235,0.08472331,-0.023661597,0.97200257,-0.51057196,-0.16563119,0.74371934,-0.47522345,-0.19520818,0.7080043,-0.3237676,-0.19520818,0.87585175,0.10487966,-0.10056179,0.8189808,-0.4514689,-0.21886978,0.6024917,-0.4151875,-0.16563119,0.57360643,-0.27505922,-0.11239259,0.71306837,0.062334765,-0.18929277,0.6287115,-0.3715765,-0.27210838,0.4657616,-0.3369942,-0.25436217,0.4496032,-0.20772702,-0.21886978,2025-10-14T17:26:59.362,fist
0.0,0.0,0.0,0.3045866,-0.32932475,-0.04076663,0.61763036,-0.4652421,-0.09900468,0.82434124,-0.5303975,-0.16306652,0.98072064,-0.55950683,-0.19800936,1.0707726,-1.4751989e-17,0.0,1.0804651,-0.50021124,-0.16889033,0.8577267,-0.4687263,-0.27954262,0.82180727,-0.31564113,-0.34942827,0.99313724,0.10142326,-0.058238044,0.9324163,-0.48111123,-0.19800936,0.72703576,-0.4216256,-0.23295218,0.71078646,-0.27588904,-0.23877598,0.84109735,0.13753274,-0.1339475,0.7610547,-0.4136435,-0.2562474,0.5696745,-0.3628369,-0.19800936,0.5660952,-0.22010943,-0.14559512,0.6486719,0.11631052,-0.22712837,0.5703713,-0.3148176,-0.30866164,0.43534088,-0.27471706,-0.28536642,0.42742217,-0.1389898,-0.25042358,2025-10-14T17:26:59.602,fist
0.0,0.0,0.0,0.27122304,-0.28456515,-0.040817887,0.62860554,-0.41280866,-0.07580465,0.8641833,-0.44672817,-0.12245367,0.9618262,-0.39309418,-0.13994704,1.0244876,6.9208203e-17,0.052480143,1.0532296,-0.35472733,-0.09329803,0.79269356,-0.38187617,-0.1749338,0.6969092,-0.28927803,-0.2157517,0.98592174,0.16720776,0.0,0.94529796,-0.24825607,-0.14577818,0.6511079,-0.27055925,-0.15744042,0.59296024,-0.16216299,-0.13411592,0.8689626,0.29518574,-0.07580465,0.81619155,-0.106404945,-0.22158282,0.5426453,-0.13269088,-0.1516093,0.48987424,-0.022037711,-0.07580465,0.69511694,0.39296144,-0.1749338,0.6574139,0.060935576,-0.2565696,0.4848295,0.020112721,-0.2157517,0.4303326,0.10474546,-0.15744042,2025-10-14T17:27:00.124,fist
0.0,0.0,0.0,0.24753673,-0.28783104,-0.053223696,0.5962729,-0.418401,-0.09461991,0.8305156,-0.4428249,-0.1478436,0.93109673,-0.40747723,-0.17149858,1.0180748,1.4113049e-16,0.053223696,1.0467238,-0.34667513,-0.10644739,0.77466017,-0.36996543,-0.2010673,0.68881583,-0.2711362,-0.24837725,0.9850973,0.17199783,0.0,0.9518107,-0.22599839,-0.1596711,0.6424413,-0.2519681,-0.17741233,0.5807117,-0.14953199,-0.1478436,0.8733863,0.3177168,-0.07096493,0.8400997,-0.08027943,-0.23654976,0.5429938,-0.120367594,-0.16558483,0.48445886,-0.010202394,-0.076878674,0.70839614,0.42211092,-0.16558483,0.6852089,0.092336744,-0.2661185,0.49909258,0.047095865,-0.22472228,0.44962648,0.13541351,-0.1596711,2025-10-14T17:27:00.398,fist
0.0,0.0,0.0,0.26968724,-0.3035861,-0.107304566,0.6539881,-0.46368295,-0.16095684,0.93990713,-0.4508342,-0.21460913,0.94739085,-0.31588808,-0.22653186,1.0399635,5.778114e-17,0.029806823,1.1260091,-0.20544346,-0.11326593,0.8230723,-0.25448057,-0.19672504,0.75465953,-0.18695629,-0.24441595,0.97633475,0.21552423,0.017884094,1.0296092,-0.015753381,-0.14307275,0.69191927,-0.10736916,-0.14307275,0.6338607,-0.024091411,-0.1013432,0.8538273,0.39981508,-0.03576819,0.9211466,0.17960921,-0.19672504,0.60460925,0.051531743,-0.107304566,0.53817844,0.13580044,-0.0059613646,0.6854949,0.5555721,-0.11326593,0.7538052,0.34373844,-0.19076367,0.55646056,0.2185314,-0.12518866,0.50011057,0.28038314,-0.053652283,2025-10-14T17:27:00.683,fist
0.0,0.0,0.0,0.28400576,-0.31000578,-0.13600734,0.70366853,-0.46651357,-0.1916467,1.0232838,-0.4539306,-0.25346822,1.0146171,-0.30061385,-0.27201468,1.0539616,-2.302577e-16,0.024728606,1.1719952,-0.15212005,-0.13600734,0.85034925,-0.23461664,-0.2163753,0.78246635,-0.16267236,-0.25346822,0.97316945,0.22975747,0.012364303,1.0819561,0.06041287,-0.17310025,0.7195877,-0.06900703,-0.1669181,0.6649405,0.0069260756,-0.11127873,0.84766585,0.42582735,-0.03709291,0.9524637,0.26971847,-0.2287396,0.6152975,0.104580276,-0.12364303,0.5519111,0.18076721,-0.0061821514,0.6779586,0.605688,-0.117460884,0.77825993,0.4453364,-0.20401101,0.57268935,0.29386908,-0.12982519,0.5127842,0.33934194,-0.043275062,2025-10-14T17:27:00.882,fist
0.0,0.0,0.0,0.2575333,-0.31115067,-0.14704292,0.7168931,-0.47274643,-0.20218402,1.0625373,-0.44724807,-0.2634519,1.0118593,-0.29025617,-0.2757055,1.0599521,-1.4526271e-16,0.0061267884,1.1824858,-0.12997071,-0.1592965,0.8758682,-0.21340701,-0.23281796,0.8069164,-0.16202074,-0.2757055,0.97361183,0.22821023,0.0,1.0835027,0.0929627,-0.18380365,0.7467828,-0.053511105,-0.17155008,0.6932008,0.025073377,-0.11640898,0.8246944,0.42139557,-0.061267883,0.9579587,0.3226249,-0.23894474,0.6503495,0.13485792,-0.122535765,0.59404063,0.1915209,0.0,0.6378482,0.59875077,-0.14091612,0.7871198,0.5185372,-0.22056438,0.6044879,0.3443339,-0.12866256,0.5433627,0.34851283,-0.03676073,2025-10-14T17:27:01.103,fist
0.0,0.0,0.0,0.26602435,-0.29566494,-0.1545485,0.700798,-0.47499055,-0.2199344,1.0433489,-0.47438425,-0.29126447,0.98548245,-0.2990332,-0.32098535,1.0490075,-8.310453e-17,0.023776691,1.1587452,-0.110276505,-0.1307718,0.8646296,-0.20270126,-0.19615771,0.8125565,-0.15359217,-0.23776692,0.9715379,0.23658584,0.011888346,1.0655121,0.11606991,-0.16643685,0.7222874,-0.02842802,-0.17238101,0.6766813,0.038330708,-0.12482763,0.8273094,0.42756563,-0.03566504,0.93516076,0.33399564,-0.22587858,0.6254166,0.15520895,-0.1307718,0.57334346,0.20431803,-0.011888346,0.6376096,0.6091816,-0.11293929,0.80204755,0.5389199,-0.19615771,0.6055439,0.3686886,-0.11293929,0.5377747,0.36949697,-0.01783252,2025-10-14T17:27:01.371,fist
0.0,0.0,0.0,0.23801734,-0.2584396,-0.17697741,0.6540162,-0.41238996,-0.26278463,0.96155316,-0.4314134,-0.3432289,0.87639505,-0.25387955,-0.38076958,1.0280794,1.9863783e-17,-0.021451807,1.0315484,-0.10720291,-0.16625151,0.7815294,-0.17431663,-0.23596987,0.73584515,-0.15540507,-0.2788735,0.96975005,0.24386425,-0.010725903,0.91125286,0.094949566,-0.16625151,0.6317755,-0.023555562,-0.18234035,0.6041075,0.0023779327,-0.16088855,0.82220614,0.4258183,-0.037540663,0.78656507,0.3001794,-0.19842921,0.54485494,0.14211662,-0.1340738,0.5211315,0.14564155,-0.048266567,0.6430217,0.5906512,-0.09117018,0.6794461,0.49309987,-0.16088855,0.52560765,0.3389537,-0.101896085,0.4785805,0.29987165,-0.03217771,2025-10-14T17:27:01.642,fist
0.0,0.0,0.0,0.24888746,-0.25815427,-0.15162627,0.6133237,-0.4089969,-0.23826987,0.88898194,-0.45550245,-0.3194982,0.8588363,-0.31701553,-0.36823523,1.0252951,-8.696466e-17,-0.032491345,0.9790184,-0.2125068,-0.1787024,0.7439739,-0.23487292,-0.265346,0.68007886,-0.1835624,-0.314083,0.9731838,0.22772254,-0.032491345,0.85803545,-0.025397867,-0.17328717,0.6023981,-0.092267424,-0.19494806,0.5710512,-0.02900163,-0.18411762,0.82428604,0.40007326,-0.07039791,0.73058856,0.17195027,-0.20577851,0.5072706,0.05388461,-0.14079583,0.4870209,0.10410828,-0.059567466,0.6344314,0.5465685,-0.12996538,0.614239,0.3562563,-0.1787024,0.47163346,0.21468046,-0.11913493,0.43262148,0.21296439,-0.05415224,2025-10-14T17:27:01.869,fist
0.0,0.0,0.0,0.27027968,-0.27018085,-0.10464763,0.6035093,-0.39469725,-0.16859895,0.84147406,-0.41910645,-0.23255028,0.9232003,-0.35348827,-0.2674328,1.0260746,-4.1380868e-17,-0.011627514,0.9778492,-0.29844412,-0.17441271,0.73138577,-0.3098087,-0.2732466,0.6528218,-0.22689657,-0.33138415,0.9772562,0.20812032,-0.0406963,0.88357246,-0.13054459,-0.18022646,0.6137869,-0.16849245,-0.2034815,0.5623003,-0.07500629,-0.18604022,0.8250695,0.37088108,-0.09302011,0.7737806,0.06749582,-0.23836404,0.5331477,-0.022729179,-0.16859895,0.4884799,0.059688836,-0.09302011,0.63048786,0.49836212,-0.16859895,0.6239656,0.2561481,-0.24417779,0.4727671,0.14467622,-0.18604022,0.42266408,0.1962616,-0.122088894,2025-10-14T17:27:02.107,fist
0.0,0.0,0.0,0.240327,-0.2792923,-0.059607293,0.5734469,-0.41080457,-0.101332396,0.7947304,-0.42521012,-0.15497896,0.9108182,-0.39808553,-0.17882188,1.0112356,-6.56882e-18,0.023842916,0.9995003,-0.34798223,-0.13709678,0.7254783,-0.35936615,-0.23246844,0.6403098,-0.2568407,-0.27419356,0.98203796,0.18783449,-0.017882187,0.9091668,-0.18667504,-0.18478261,0.6068608,-0.21323752,-0.19670406,0.5430547,-0.113066114,-0.17286114,0.8634204,0.33396316,-0.09537166,0.82649297,-0.01623265,-0.25631136,0.53406,-0.05885201,-0.18478261,0.48704866,0.042795066,-0.101332396,0.69206446,0.45430234,-0.19074333,0.67442644,0.17349923,-0.29207572,0.4811459,0.10997418,-0.23842917,0.4363481,0.1864291,-0.17286114,2025-10-14T17:27:02.333,fist
0.0,0.0,0.0,0.21844728,-0.2859838,-0.030799717,0.5783027,-0.4169843,-0.043119602,0.8002569,-0.43293515,-0.07391932,0.9653084,-0.46992746,-0.080079265,1.0062603,-1.3668539e-16,0.086239204,1.0582985,-0.35352033,-0.080079265,0.7663189,-0.3627967,-0.17247841,0.68950605,-0.23982818,-0.22175796,0.98657626,0.16143152,0.024639772,0.9901963,-0.23066494,-0.14167869,0.67197144,-0.24831265,-0.16015853,0.5993442,-0.13846686,-0.12935881,0.8967538,0.2889251,-0.061599433,0.9180216,-0.085976146,-0.24023779,0.59957045,-0.12104535,-0.16631846,0.5182325,-0.011086408,-0.07391932,0.7587395,0.395264,-0.16015853,0.7633776,0.08156418,-0.28951734,0.5449304,0.03212794,-0.25255767,0.4720769,0.12455227,-0.1847983,2025-10-14T17:27:02.581,fist
0.0,0.0,0.0,0.22366917,-0.28998432,-0.006184988,0.58204824,-0.41221675,-0.006184988,0.7994787,-0.4413307,-0.03710993,0.972314,-0.46975148,-0.043294918,0.9933407,-1.6920223e-16,0.117514774,1.0628908,-0.38194746,-0.03710993,0.77972275,-0.3878396,-0.12988475,0.6785171,-0.2764671,-0.17317967,0.9902213,0.13043518,0.049479906,1.0453299,-0.2976094,-0.12369977,0.7227657,-0.2994579,-0.14843972,0.62156004,-0.18808545,-0.12369977,0.93361086,0.24111445,-0.043294918,0.98687094,-0.19547944,-0.2164746,0.6643067,-0.19732796,-0.1546247,0.5649495,-0.07740616,-0.061849885,0.82501113,0.31828958,-0.14843972,0.85736,-0.028767357,-0.2721395,0.6373879,-0.052797906,-0.23502955,0.5447315,0.056726024,-0.16699469,2025-10-14T17:27:02.838,fist
0.0,0.0,0.0,0.28167406,-0.2678085,0.0062590525,0.6547208,-0.325413,0.012518105,0.860251,-0.26547158,-0.0062590525,1.0046712,-0.2136314,-0.012518105,1.0058397,1.1714958e-16,0.16273537,1.1403282,-0.25526714,0.0,0.8606015,-0.30196613,-0.093885794,0.7159865,-0.2217716,-0.13769916,0.9839508,0.15544263,0.08762674,1.1101822,-0.13425478,-0.08136769,0.7918967,-0.1899119,-0.118922,0.67189705,-0.10196664,-0.08762674,0.92883897,0.30519882,-0.012518105,1.04027,-0.008257041,-0.17525348,0.72732043,-0.06064251,-0.118922,0.6040491,0.032638665,-0.031295262,0.82122475,0.4447895,-0.12518105,0.917505,0.14406972,-0.21906684,0.69803137,0.08292091,-0.16899443,0.58991086,0.16346598,-0.093885794,2025-10-14T17:27:03.007,fist
0.0,0.0,0.0,0.33995587,-0.26273596,0.018508296,0.71249473,-0.28194675,0.024677727,0.87258476,-0.14144424,0.0,0.9765491,0.008286996,-0.018508296,1.0104505,-1.3024233e-16,0.19742182,1.1891863,-0.18739946,0.03084716,0.9272037,-0.26706782,-0.06169432,0.78086257,-0.2043502,-0.10488034,0.9821993,0.14163259,0.12338864,1.1526481,-0.07966828,-0.06169432,0.84414524,-0.16592859,-0.10488034,0.70722115,-0.08305848,-0.08020262,0.9221185,0.30002755,0.006169432,1.0810784,0.050098747,-0.1542358,0.7693738,-0.03088794,-0.10488034,0.63244975,0.05198217,-0.012338864,0.8143873,0.46557945,-0.10488034,0.9522531,0.20284347,-0.1912524,0.734719,0.12129174,-0.13572751,0.6126739,0.191543,-0.055524886,2025-10-14T17:27:03.182,fist
0.0,0.0,0.0,0.37048796,-0.26390088,0.044770725,0.73661625,-0.264675,0.063958175,0.91030926,-0.12638882,0.031979088,1.0410985,0.011652869,0.0127916355,1.0039804,1.3091539e-16,0.26222852,1.2390751,-0.095912136,0.11512472,0.982223,-0.19748767,0.0127916355,0.810445,-0.16986299,-0.019187454,0.974563,0.14284952,0.17268708,1.2241218,0.018416423,0.0,0.9073349,-0.10638337,-0.05756236,0.73250115,-0.04445203,-0.03837491,0.92208433,0.31703144,0.044770725,1.1746991,0.15829161,-0.102333084,0.8522079,0.030598968,-0.063958175,0.67737406,0.09253033,0.019187454,0.82662046,0.5052701,-0.07674982,1.0479842,0.30916777,-0.14070798,0.822709,0.18774976,-0.07674982,0.6707735,0.24695124,0.0063958177,2025-10-14T17:27:03.417,fist
0.0,0.0,0.0,0.3757378,-0.27129543,0.032783534,0.7489282,-0.2814849,0.059010364,0.9488971,-0.15538989,0.032783534,1.0940975,-0.052221198,0.02622683,1.0125815,6.6810564e-17,0.2557116,1.2762347,-0.056042284,0.0917939,0.99920774,-0.16494253,-0.0065567074,0.8278968,-0.1401056,-0.039340243,0.973734,0.15093192,0.1704744,1.2494874,0.08661073,-0.0065567074,0.91832864,-0.059863318,-0.06556707,0.7489282,-0.011463185,-0.039340243,0.912597,0.34198505,0.05245366,1.1928083,0.24263741,-0.11802073,0.84763896,0.08087913,-0.06556707,0.6693227,0.13182664,0.02622683,0.8126126,0.54895926,-0.06556707,1.0628922,0.39547995,-0.13769086,0.8317179,0.24454798,-0.06556707,0.66550165,0.28721648,0.02622683,2025-10-14T17:27:03.665,fist
0.0,0.0,0.0,0.26844424,-0.30616653,-0.18637422,0.66095454,-0.44927073,-0.28399882,0.9073882,-0.45804667,-0.36387348,0.903071,-0.38182348,-0.39937332,1.1129147,1.1757817e-16,-0.11537451,1.0263586,-0.18677147,-0.3549985,0.69733214,-0.3252754,-0.479248,0.583599,-0.30588344,-0.5413727,0.9589821,0.25478494,-0.12424948,0.71481323,-0.03184812,-0.3549985,0.39880916,-0.19958152,-0.37274843,0.3700043,-0.1288787,-0.3372486,0.7058958,0.435753,-0.18637422,0.43999937,0.13135579,-0.3816234,0.20297866,-0.044304263,-0.29287377,0.18641764,0.02915872,-0.19524918,0.41961658,0.564207,-0.26624888,0.23192504,0.28387287,-0.36387348,0.077850945,0.13977784,-0.30174872,0.06128992,0.21324082,-0.22187407,2025-10-14T17:27:03.893,fist
0.0,0.0,0.0,0.35665935,-0.3148276,-0.04745245,0.825698,-0.3957895,-0.04745245,1.1475847,-0.3172242,-0.081347056,1.2302461,-0.18854794,-0.081347056,1.0545962,-2.124397e-16,0.13557842,1.3378757,0.050154556,-0.040673528,1.0251397,-0.07643013,-0.1287995,0.85724616,-0.08928471,-0.16269411,0.9749852,0.20684935,0.081347056,1.2582647,0.25700387,-0.108462736,0.8827374,0.07826027,-0.13557842,0.7342782,0.09399074,-0.088125974,0.85711545,0.42363378,0.0,1.1739911,0.4782765,-0.1898098,0.80295205,0.26593673,-0.0949049,0.63022166,0.24833253,0.033894606,0.7008128,0.63118035,-0.10168382,0.983918,0.662162,-0.18303087,0.7568499,0.46768782,-0.081347056,0.607955,0.43548608,0.020336764,2025-10-14T17:27:04.151,fist
0.0,0.0,0.0,0.22850163,-0.27635536,-0.22365327,0.4261974,-0.483921,-0.4826202,0.40885043,-0.62060326,-0.7180447,0.31314293,-0.7037491,-0.91815555,0.92656815,-4.3804845e-17,-0.5179339,0.58890015,-0.5278866,-0.8122145,0.42500108,-0.5891992,-1.0005541,0.40047604,-0.43098277,-1.1300375,0.7824087,0.28592616,-0.5532476,0.33288264,-0.3565104,-0.7886721,0.14326215,-0.3648848,-0.8592994,0.11903619,-0.1803488,-0.91815555,0.5371583,0.47823837,-0.58856124,0.07776234,-0.1061755,-0.8122145,-0.10677366,-0.13040145,-0.7886721,-0.094212055,0.04845191,-0.7769008,0.22790346,0.59757364,-0.64741737,-0.15163656,0.0912212,-0.82398576,-0.28413162,0.013757945,-0.83575696,-0.29848772,0.14027128,-0.83575696,2025-10-14T17:27:04.441,fist
0.0,0.0,0.0,0.18554096,-0.2713273,-0.25705144,0.43380743,-0.534748,-0.5029267,0.5231517,-0.6748262,-0.73762584,0.57520336,-0.7718136,-0.9387965,0.9478666,-7.8315826e-17,-0.42469367,0.96473396,-0.19700551,-0.7599781,0.5708547,-0.35816786,-0.9276204,0.33761078,-0.40349892,-1.0170295,0.8220203,0.36646974,-0.4358698,0.7458536,0.08604988,-0.72644967,0.27554414,-0.10067705,-0.7711543,0.08934429,-0.14007816,-0.78233045,0.5982642,0.6250148,-0.46939826,0.49561048,0.36515197,-0.73762584,0.07234516,0.18435498,-0.6817451,-0.11187804,0.1292725,-0.60351205,0.27752078,0.83150816,-0.53645515,0.11016494,0.57942015,-0.72644967,-0.15430999,0.40270823,-0.6929212,-0.27778435,0.37121373,-0.6370405,2025-10-14T17:27:04.711,fist
0.0,0.0,0.0,0.2539081,-0.35970315,-0.3474774,0.73035914,-0.54963636,-0.5559639,1.0708947,-0.60091585,-0.72970253,1.2135314,-0.50657153,-0.8571109,1.0778648,-7.4848384e-17,-0.3474774,1.373593,0.012197576,-0.68337226,0.95041287,-0.28651786,-0.8223632,0.73558664,-0.36841565,-0.86869353,0.8859401,0.35273308,-0.30114707,1.1605093,0.34999487,-0.6602071,0.6464699,-0.04455838,-0.67178965,0.46300888,-0.11699687,-0.5907116,0.6141091,0.6300406,-0.32431224,0.87050647,0.7159212,-0.74128515,0.3761325,0.2845264,-0.57912904,0.14487697,0.17201027,-0.37064257,0.3148958,0.85631746,-0.37064257,0.46002173,0.8573132,-0.6486245,0.15533201,0.5344516,-0.5327987,0.002489296,0.44558382,-0.38222516,2025-10-14T17:27:04.931,fist
0.0,0.0,0.0,0.22768614,-0.24505365,-0.23882075,0.53352606,-0.4381002,-0.43783805,0.8063487,-0.5834338,-0.6169536,1.0437683,-0.7345884,-0.7662166,1.037661,4.3879854e-17,-0.37813285,1.1960678,-0.18092744,-0.6766588,0.85625637,-0.37664592,-0.84582347,0.67513806,-0.41481626,-0.9254304,0.8840253,0.2879953,-0.36818197,0.91981,0.053343054,-0.6368553,0.55948186,-0.18770269,-0.66670793,0.44506627,-0.22329654,-0.65675706,0.62265384,0.48275948,-0.39803457,0.64355206,0.28761357,-0.6169536,0.31452367,0.043323357,-0.51744497,0.19514592,0.020898262,-0.4179363,0.32349372,0.61816883,-0.4477889,0.27444482,0.38914672,-0.59705186,0.07710411,0.19447793,-0.54729754,-0.0036261836,0.20917352,-0.46769062,2025-10-14T17:27:05.186,fist
0.0,0.0,0.0,0.29775903,-0.36343753,-0.29789492,0.6977119,-0.6187996,-0.61146855,1.0047836,-0.8136296,-0.9093635,1.233188,-0.9545443,-1.1915797,1.0030681,-1.4647188e-16,-0.5644325,1.3165115,0.078912295,-1.0034356,0.8386266,-0.39039513,-1.175901,0.5479746,-0.53180003,-1.2542945,0.7195231,0.3568207,-0.59578985,1.0035582,0.4840116,-1.0191143,0.4376935,-0.0999882,-1.0504717,0.19728066,-0.28207457,-1.0034356,0.3668685,0.6766359,-0.6428259,0.65555996,0.8881306,-1.081829,0.12572047,0.2700662,-0.92504215,-0.15537384,0.037740648,-0.7212193,-0.040681485,0.9528288,-0.7212193,0.14679642,1.0212032,-1.0347929,-0.18331175,0.53498596,-0.8936848,-0.42274427,0.31785467,-0.7212193,2025-10-14T17:27:05.531,fist
0.0,0.0,0.0,0.2671523,-0.31129304,-0.27435774,0.6674481,-0.5407959,-0.53624463,0.9208966,-0.7004815,-0.7856608,1.0939975,-0.79972595,-1.0101353,1.0781298,3.8459187e-17,-0.42400742,1.3549471,-0.04370797,-0.7981316,0.9383509,-0.3942372,-0.98519367,0.70149124,-0.5315639,-1.0600185,0.8404046,0.33754668,-0.42400742,1.0661571,0.2799906,-0.77318996,0.5674823,-0.13848068,-0.81060237,0.37707138,-0.2449377,-0.77318996,0.54382515,0.6225861,-0.47389063,0.7727511,0.62071085,-0.84801483,0.30033,0.17281237,-0.7233068,0.09131071,0.03389892,-0.56118625,0.19300745,0.8380967,-0.53624463,0.31821707,0.7806849,-0.7856608,0.023801364,0.41760582,-0.6734235,-0.12795039,0.30335924,-0.53624463,2025-10-14T17:27:05.794,fist
0.0,0.0,0.0,0.2829612,-0.343929,-0.31424275,0.7234091,-0.5757352,-0.6022986,1.0110354,-0.7029793,-0.8641676,1.1458402,-0.7256613,-1.0998496,1.0657295,5.6668384e-17,-0.47136414,1.3527123,-0.010134536,-0.877261,0.9331769,-0.38720167,-1.0605693,0.6936491,-0.4880639,-1.13913,0.81204563,0.34408984,-0.47136414,1.0403128,0.36291102,-0.8379807,0.55096203,-0.09651891,-0.877261,0.3524548,-0.20301141,-0.8379807,0.50012875,0.62930316,-0.5106445,0.7161702,0.7417477,-0.91654134,0.25625765,0.25320122,-0.78560686,0.04053794,0.08220193,-0.615392,0.12418765,0.8438968,-0.57611173,0.25304037,0.8387492,-0.8641676,-0.043433502,0.44479123,-0.75942,-0.21845442,0.32671645,-0.6284855,2025-10-14T17:27:06.121,fist
0.0,0.0,0.0,0.22529025,-0.29663217,-0.25722694,0.54820627,-0.5444515,-0.5279921,0.74345785,-0.7885159,-0.7852191,0.88989645,-0.98376745,-1.042446,1.0250707,2.3781241e-16,-0.39260954,1.2090577,-0.09011615,-0.7987573,0.74721265,-0.41678697,-1.0018312,0.45433536,-0.5632257,-1.096599,0.8260643,0.3604644,-0.4332243,0.9537288,0.30789667,-0.81229556,0.3905031,-0.097625785,-0.8935251,0.13141933,-0.2665935,-0.8664486,0.5294321,0.6721159,-0.5009156,0.67962563,0.70215464,-0.8799869,0.138929,0.2816128,-0.7852191,-0.12766448,0.101380624,-0.6362982,0.138929,0.9161804,-0.58214515,0.18398707,0.88614166,-0.8664486,-0.16521282,0.5331869,-0.7716808,-0.36046442,0.38674828,-0.6498365,2025-10-14T17:27:06.499,fist
0.0,0.0,0.0,0.25020775,-0.24632858,-0.26112598,0.57605976,-0.4441673,-0.47002676,0.86893857,-0.58381814,-0.6475924,1.0628982,-0.6614019,-0.80426806,1.0687169,-1.0505382e-16,-0.35513133,1.2684952,-0.14740922,-0.69981766,0.9271265,-0.38210025,-0.8669383,0.7428649,-0.42089215,-0.9504986,0.89027417,0.2851205,-0.35513133,1.029925,0.1280133,-0.66848254,0.6439456,-0.19008033,-0.69981766,0.50623435,-0.22499304,-0.66848254,0.61097246,0.48683837,-0.38646644,0.713771,0.37822104,-0.69981766,0.34330836,0.04267109,-0.5849222,0.18426153,-0.017456353,-0.43869165,0.29869765,0.6342476,-0.43869165,0.33554995,0.4732612,-0.6580375,0.1183153,0.21141587,-0.5744772,0.017456353,0.18426153,-0.45958173,2025-10-14T17:27:07.171,fist
0.0,0.0,0.0,0.19046944,-0.25311914,-0.25710914,0.48193452,-0.47509348,-0.5142183,0.64125913,-0.627217,-0.75779533,0.7183111,-0.80652475,-1.0013723,1.0171573,-1.4515704e-16,-0.3924297,1.079987,-0.2507788,-0.7713274,0.72191167,-0.45367017,-1.0013723,0.504618,-0.48985574,-1.123161,0.84091,0.32459018,-0.4330259,0.8430704,0.12944002,-0.81192356,0.40668288,-0.119358465,-0.906648,0.18596876,-0.18560871,-0.906648,0.54152375,0.5840103,-0.5142183,0.57662916,0.4642918,-0.906648,0.15158345,0.20811218,-0.8660518,-0.061749544,0.1532037,-0.75779533,0.15644419,0.7861815,-0.6089427,0.093974546,0.6653829,-0.89311594,-0.20397153,0.45565045,-0.85251975,-0.37643823,0.43872786,-0.75779533,2025-10-14T17:27:07.420,fist
0.0,0.0,0.0,0.17945918,-0.19740511,-0.2148457,0.41903722,-0.36878863,-0.37853765,0.64246386,-0.48274523,-0.5115374,0.7833394,-0.62720984,-0.6343064,1.0498362,1.358253e-16,-0.2966917,1.1323874,-0.31943735,-0.5933834,0.9170364,-0.5258154,-0.7775368,0.7788528,-0.60477746,-0.8696135,0.92600936,0.24585907,-0.28646094,0.84884197,-0.23150237,-0.5115374,0.5967018,-0.41724262,-0.5729219,0.5123559,-0.415448,-0.5831526,0.66848546,0.39032373,-0.3171532,0.41634533,-0.14536195,-0.50130665,0.16061597,-0.2664969,-0.43992215,0.072680965,-0.20009698,-0.35807616,0.34007517,0.46928573,-0.37853765,0.16151327,0.008972956,-0.48084512,0.025124285,-0.10229173,-0.41946065,-0.03589184,-0.053837754,-0.33761466,2025-10-14T17:27:07.696,fist
0.0,0.0,0.0,0.3642939,-0.3032058,-0.08928858,0.85001916,-0.41197246,-0.12363033,1.2202729,-0.34939438,-0.17170879,1.1547148,-0.19369413,-0.1854455,1.0764923,1.2772444e-16,0.08928858,1.3312745,0.04395366,-0.06868352,1.0094444,-0.07822261,-0.14423539,0.8976977,-0.081947535,-0.1854455,0.9707055,0.23541284,0.048078462,1.2262326,0.2696818,-0.13049868,0.855234,0.09014226,-0.15110373,0.7419974,0.10578677,-0.10989363,0.8232,0.4432615,-0.020605056,1.1107613,0.5043497,-0.1991822,0.75689703,0.29203114,-0.08928858,0.6123714,0.27117175,0.03434176,0.6369557,0.6481303,-0.10989363,0.89769775,0.6779294,-0.1854455,0.6838892,0.48125535,-0.08242022,0.55128324,0.43208686,0.013736703,2025-10-14T17:27:07.972,fist
0.0,0.0,0.0,0.23645201,-0.3053102,-0.26566818,0.5751409,-0.5482979,-0.4870583,0.836802,-0.6944173,-0.68630946,0.9511767,-0.71098995,-0.84128255,1.0499122,7.3383136e-17,-0.36529374,1.1913633,-0.273332,-0.6531009,0.8272319,-0.5312584,-0.7970045,0.6260259,-0.5963819,-0.8744911,0.88231844,0.32211626,-0.34315473,0.92223287,-0.03828049,-0.6088229,0.5286908,-0.3069441,-0.6531009,0.39494255,-0.305777,-0.6309619,0.58914596,0.5317252,-0.35422423,0.58354396,0.20470722,-0.6198924,0.23411784,-0.047850605,-0.53133637,0.10036956,-0.046683516,-0.42064127,0.25395834,0.6510017,-0.39850226,0.148687,0.34592485,-0.5756144,-0.05368604,0.14705308,-0.52026683,-0.14868699,0.17903128,-0.43171078,2025-10-14T17:27:08.202,fist
0.0,0.0,0.0,0.3583657,-0.30890983,-0.09461619,0.83750665,-0.41043344,-0.12840769,1.196757,-0.34985626,-0.17571579,1.1304928,-0.19740236,-0.18247409,1.0842385,-1.8916985e-16,0.08109959,1.3205652,0.040103905,-0.0743413,1.0009555,-0.08892796,-0.15544088,0.8815283,-0.0946992,-0.18923238,0.9731523,0.22524762,0.047308095,1.2233385,0.27137557,-0.13516599,0.8464795,0.08450469,-0.15544088,0.7253673,0.0977744,-0.108132794,0.8256692,0.42808422,-0.013516599,1.1027318,0.4957807,-0.19599068,0.7482838,0.27251297,-0.10137449,0.5967988,0.24951217,0.027033199,0.6444433,0.6327323,-0.10137449,0.9049924,0.6701822,-0.17571579,0.6873275,0.47341177,-0.0743413,0.55222946,0.42787358,0.027033199,2025-10-14T17:27:08.524,fist
0.0,0.0,0.0,0.36879507,-0.30495608,-0.088864096,0.8533522,-0.42119128,-0.10937119,1.221631,-0.35765335,-0.1572211,1.160287,-0.19771169,-0.17089249,1.0862097,-1.0306616e-16,0.095699795,1.3359734,0.029768554,-0.0615213,1.01609,-0.09291931,-0.1435497,0.9048879,-0.097006045,-0.18456389,0.9704907,0.23315865,0.0615213,1.2298905,0.26370162,-0.1230426,0.8612675,0.08375644,-0.1435497,0.7344498,0.09296233,-0.10253549,0.8274121,0.44472218,-0.013671399,1.1193768,0.4924294,-0.19139959,0.7582819,0.27914512,-0.088864096,0.5996738,0.2615507,0.0410142,0.64135844,0.64798325,-0.10253549,0.91116863,0.6696644,-0.17089249,0.68940973,0.4724259,-0.0751927,0.54719156,0.43190277,0.027342798,2025-10-14T17:27:08.837,fist
0.0,0.0,0.0,0.352682,-0.3157515,-0.08917717,0.8285242,-0.4371572,-0.1166163,1.1805483,-0.37912983,-0.16463478,1.1261613,-0.23570612,-0.17149456,1.0728709,-2.432893e-16,0.08231739,1.3148052,0.019561768,-0.0754576,0.9895798,-0.10048433,-0.15777498,0.88256025,-0.09513331,-0.19893369,0.9711146,0.23373243,0.048018474,1.2176981,0.2583382,-0.13033587,0.8366822,0.0777646,-0.14405543,0.7339172,0.09785271,-0.09603695,0.82633114,0.45114875,-0.020579347,1.1159418,0.4920706,-0.20579347,0.7508473,0.27816308,-0.09603695,0.60544986,0.2722419,0.03429891,0.6482138,0.65264374,-0.109756514,0.9044905,0.6776442,-0.18521412,0.6747055,0.47895628,-0.08231739,0.54987866,0.44474512,0.020579347,2025-10-14T17:27:09.336,fist
0.0,0.0,0.0,0.36975703,-0.3173748,-0.08922126,0.85057133,-0.43160018,-0.116673954,1.2004951,-0.36112067,-0.16471617,1.1507168,-0.21890308,-0.17157935,1.0853584,-2.0959576e-16,0.09608443,1.3206228,0.04227031,-0.061768565,1.0041595,-0.08406329,-0.14412665,0.89249444,-0.087708786,-0.18530568,0.9701348,0.23457001,0.061768565,1.215815,0.26790026,-0.116673954,0.84050286,0.08354248,-0.13726348,0.7318325,0.104460694,-0.08922126,0.827353,0.4475709,-0.0068631736,1.1057992,0.4980002,-0.19216886,0.7334382,0.27493083,-0.07549491,0.5979475,0.26460195,0.05490539,0.6465974,0.6479427,-0.10294761,0.8885452,0.6663872,-0.17157935,0.6606152,0.4640624,-0.06863174,0.5370157,0.42543757,0.03431587,2025-10-14T17:27:10.112,fist
0.0,0.0,0.0,0.24132417,0.22840354,-0.18020049,0.61032647,0.4072085,-0.26429406,0.7695421,0.19728288,-0.32436088,0.65589607,-0.080719255,-0.36040097,1.0387915,4.4567227e-17,-0.072080195,1.0041976,0.01569927,-0.25228068,0.7368932,0.116146825,-0.34838763,0.7236947,0.10544907,-0.39644107,0.9634906,-0.25785705,-0.072080195,0.84776056,-0.20950884,-0.22825396,0.57350963,-0.060018446,-0.26429406,0.6213021,-0.06501999,-0.26429406,0.8215025,-0.4604193,-0.09610693,0.6699282,-0.40831995,-0.26429406,0.44597042,-0.23993486,-0.22825396,0.5069614,-0.23423867,-0.16818713,0.63297236,-0.6460319,-0.13214703,0.5209935,-0.56183934,-0.21624058,0.36747408,-0.4129047,-0.16818713,0.39387107,-0.39150923,-0.10812029,2025-10-14T18:02:55.690,fist
0.0,0.0,0.0,0.30916747,0.24488184,-0.15918145,0.7515454,0.4006254,-0.22550704,0.9374435,0.14149463,-0.27856752,0.79628026,-0.144477,-0.29183263,1.0620383,4.4138807e-17,-0.03979536,1.2169534,-0.03893589,-0.21224192,0.9071232,0.038935877,-0.29183263,0.84167784,0.04970537,-0.331628,0.966604,-0.2531661,-0.03979536,1.0560737,-0.28133246,-0.22550704,0.7439239,-0.1358614,-0.2520373,0.73083484,-0.1337075,-0.23877215,0.81003207,-0.4693845,-0.07959072,0.8559267,-0.51726735,-0.27856752,0.57857066,-0.32374772,-0.22550704,0.58072454,-0.31065866,-0.14591631,0.6272819,-0.68129516,-0.11938608,0.6534601,-0.68560296,-0.22550704,0.48081672,-0.5093145,-0.15918145,0.46325415,-0.45265037,-0.07959072,2025-10-14T18:02:56.525,fist
0.0,0.0,0.0,0.33512667,0.24117546,-0.14933197,0.80505294,0.36763516,-0.20363452,1.0286977,0.10348249,-0.23078577,0.9299808,-0.21173063,-0.24436142,1.0828217,8.838875e-17,-0.054302536,1.294212,-0.05684729,-0.21721014,0.9674251,0.057187688,-0.2850883,0.9020677,0.07999469,-0.3122396,0.9647019,-0.257685,-0.054302536,1.1357543,-0.30891564,-0.21721014,0.78956455,-0.13735257,-0.21721014,0.77424645,-0.14892629,-0.19005887,0.80998874,-0.48286155,-0.08145381,0.9369591,-0.55536735,-0.2715127,0.63672364,-0.3490832,-0.19005887,0.60983187,-0.34533876,-0.10860507,0.61306566,-0.71586734,-0.12218071,0.7437804,-0.76148134,-0.21721014,0.562686,-0.585493,-0.10860507,0.5126468,-0.55111235,-0.013575634,2025-10-14T18:02:56.890,fist
0.0,0.0,0.0,0.35199156,0.23455061,-0.13289697,0.8055223,0.35662955,-0.18605575,1.0324534,0.113962434,-0.22592485,0.91136825,-0.18850183,-0.22592485,1.0662445,-8.9243e-17,-0.013289697,1.2794272,-0.09176626,-0.17276606,0.9592391,0.0054662195,-0.23921454,0.8984481,0.04323285,-0.26579395,0.9675213,-0.25244007,-0.013289697,1.1414465,-0.33724934,-0.18605575,0.8066818,-0.16994981,-0.18605575,0.76742446,-0.1629928,-0.15947635,0.8234118,-0.45634672,-0.053158786,0.99038005,-0.5804134,-0.23921454,0.67565817,-0.37617543,-0.15947635,0.61486715,-0.33840883,-0.053158786,0.6592595,-0.6971918,-0.093027875,0.8177799,-0.7927678,-0.18605575,0.6315971,-0.6248057,-0.093027875,0.5623583,-0.5585485,0.0,2025-10-14T18:02:57.182,fist
0.0,0.0,0.0,0.35345796,0.23693335,-0.10941465,0.8091398,0.35610622,-0.15044515,1.0646112,0.09657416,-0.19147564,0.9742163,-0.22016089,-0.19147564,1.0594912,-1.8780653e-17,-0.0136768315,1.3146094,-0.120055676,-0.16412199,1.003171,-0.002824851,-0.23250614,0.89035386,0.061263688,-0.2598598,0.96891975,-0.24699685,-0.0136768315,1.197202,-0.36175594,-0.16412199,0.83738816,-0.207096,-0.16412199,0.7621768,-0.16437031,-0.13676831,0.85416067,-0.47527915,-0.041030496,1.101334,-0.63558877,-0.2188293,0.76288307,-0.44332317,-0.12309149,0.6527143,-0.36581662,-0.0136768315,0.707269,-0.7251008,-0.08206099,0.919485,-0.8506296,-0.16412199,0.7152139,-0.6848469,-0.068384156,0.62111145,-0.5965707,0.027353663,2025-10-14T18:02:57.422,fist
0.0,0.0,0.0,0.31505337,0.3043736,-0.16886207,0.8276826,0.34709266,-0.2364069,1.0572977,0.074758396,-0.28706554,0.9451601,-0.26165453,-0.30395174,1.0679774,-3.5249144e-18,-0.10131724,1.3616713,-0.1868961,-0.30395174,1.0733174,-0.037379216,-0.40526897,0.92914045,0.010679757,-0.4390414,0.95049995,-0.29903373,-0.08443104,1.2441938,-0.4859298,-0.27017933,0.8971011,-0.24563484,-0.28706554,0.7636039,-0.16553652,-0.2532931,0.80098313,-0.5873877,-0.10131724,1.1000168,-0.8116629,-0.30395174,0.7956432,-0.5500085,-0.2195207,0.63010675,-0.4058315,-0.11820345,0.60340726,-0.8597219,-0.13508967,0.8330224,-1.0252584,-0.27017933,0.6514663,-0.82234275,-0.20263448,0.523309,-0.6728259,-0.11820345,2025-10-14T18:02:57.643,fist
0.0,0.0,0.0,0.3431592,0.25488994,-0.10503609,0.79591113,0.3148932,-0.13129511,0.9987321,0.048597697,-0.14442462,0.92881095,-0.24546792,-0.13129511,1.0428667,1.1713552e-16,0.013129511,1.2625482,-0.10909685,-0.1181656,0.95558923,-0.03669621,-0.17068364,0.8574021,0.008926107,-0.19694266,0.96749073,-0.25290635,0.0,1.1742789,-0.3595237,-0.1181656,0.8385581,-0.2281116,-0.1181656,0.7686369,-0.17455496,-0.07877707,0.8559144,-0.485481,-0.013129511,1.1197305,-0.64317554,-0.18381315,0.79392755,-0.46019036,-0.10503609,0.664499,-0.3684498,0.0,0.69276506,-0.70813775,-0.052518044,0.8970736,-0.82764834,-0.14442462,0.72598994,-0.6744169,-0.06564756,0.6352412,-0.5901148,0.013129511,2025-10-14T18:02:57.848,fist
0.0,0.0,0.0,0.33988556,0.24215984,-0.13633548,0.8090379,0.34126443,-0.17723612,1.0246551,0.016373793,-0.20450321,0.9550233,-0.2804228,-0.19086967,1.0784299,1.152367e-16,0.0,1.3023201,-0.16149735,-0.17723612,0.9946651,-0.03671178,-0.24540386,0.8905622,0.06411634,-0.27267095,0.97070765,-0.24026394,0.0,1.1680549,-0.38676634,-0.14996903,0.82161987,-0.21906418,-0.16360258,0.78421867,-0.14891538,-0.12270193,0.84936917,-0.47983843,-0.027267095,1.0732592,-0.6413358,-0.20450321,0.75543535,-0.44778025,-0.12270193,0.69218075,-0.34902042,-0.013633547,0.70148796,-0.704418,-0.06816774,0.8729819,-0.8223094,-0.14996903,0.676324,-0.66219085,-0.06816774,0.59945333,-0.5627416,0.027267095,2025-10-14T18:02:58.035,fist
0.0,0.0,0.0,0.33776677,0.24545783,-0.13676831,0.811899,0.32308125,-0.19147564,1.0269369,0.024126207,-0.2188293,0.95455825,-0.28322056,-0.2188293,1.0699444,-6.157451e-17,-0.041030496,1.3007168,-0.14685512,-0.20515248,0.9765866,-0.03461584,-0.28721347,0.87588584,0.026224129,-0.31456712,0.9660969,-0.25489852,-0.041030496,1.1832327,-0.40280262,-0.20515248,0.8402211,-0.22342958,-0.20515248,0.782528,-0.1867158,-0.16412199,0.8328783,-0.48462185,-0.068384156,1.0657486,-0.6587501,-0.2598598,0.7468631,-0.4363695,-0.16412199,0.6734356,-0.37343156,-0.041030496,0.67238665,-0.7164432,-0.10941465,0.8444169,-0.8129479,-0.20515248,0.6524563,-0.63567287,-0.10941465,0.5916163,-0.55804944,-0.0136768315,2025-10-14T18:02:58.323,fist
0.0,0.0,0.0,0.30905387,0.22751315,-0.16531686,0.76207805,0.29449302,-0.22042249,0.95937747,-0.008554501,-0.2617517,0.88966745,-0.32761893,-0.2617517,1.0427383,-1.5464823e-17,-0.041329216,1.31357,-0.15434495,-0.22042249,0.9775785,-0.074988335,-0.30308092,0.8760167,-0.01710899,-0.31685734,0.968114,-0.24899042,-0.027552811,1.1785182,-0.3913226,-0.20664608,0.8376124,-0.241892,-0.20664608,0.80976486,-0.1923851,-0.16531686,0.8427087,-0.46904114,-0.068882026,1.0640335,-0.6512337,-0.2479753,0.7557077,-0.46430883,-0.15154046,0.70365274,-0.37858188,-0.027552811,0.6907299,-0.6963723,-0.110211246,0.86363995,-0.8061246,-0.19286968,0.67980933,-0.65651196,-0.09643484,0.61446756,-0.5744252,0.0,2025-10-14T18:02:58.537,fist
